Title,Release Date,Playtime,Metascore,Developer,Publisher,Age Rating,Genre,Platforms
The Witcher 3: Wild Hunt,"MAY 18, 2015",AVERAGE PLAYTIME: 43 HOURS,92,CD PROJEKT RED,CD PROJEKT RED,17+ Mature,"Action, RPG","Platforms
Xbox Series S/X, PlayStation 5, macOS, PlayStation 4, Nintendo Switch, PC, Xbox One"
God of War (2018),"APR 20, 2018",AVERAGE PLAYTIME: 14 HOURS,94,Santa Monica Studio,Sony Interactive Entertainment,17+ Mature,Action,"Platforms
PC, PlayStation 4"
Astro Bot,"SEP 6, 2024",N/A,N/A,N/A,N/A,N/A,"Sep 6, 2024","Platforms
PlayStation 5"
Half-Life 2,"NOV 16, 2004",AVERAGE PLAYTIME: 7 HOURS,96,Valve Software,Valve,17+ Mature,"Action, Shooter","Platforms
PC, macOS, Xbox 360, Linux, Xbox, Android"
The Legend of Zelda: Tears of the Kingdom,"MAY 12, 2023",N/A,96,Nintendo,Nintendo,10+ Everyone 10+,"Action, Adventure","Platforms
Nintendo Switch"
Max Payne,"JUL 25, 2001",AVERAGE PLAYTIME: 2 HOURS,89,Remedy Entertainment,Microsoft Studios,17+ Mature,"Action, Shooter","Platforms
PC, PlayStation 3, Xbox, Classic Macintosh, PlayStation 2, Xbox 360, PlayStation 4"
Marvel's Spider-Man,"SEP 7, 2018",AVERAGE PLAYTIME: 6 HOURS,87,Insomniac Games,Sony Interactive Entertainment,13+ Teen,Action,"Platforms
PlayStation 4, PC, PlayStation 5"
Half-Life: Alyx,"MAR 23, 2020",AVERAGE PLAYTIME: 5 HOURS,93,Valve Software,Valve,17+ Mature,"Action, Shooter, Adventure","Platforms
PC"
Fallout: New Vegas,"OCT 19, 2010",AVERAGE PLAYTIME: 12 HOURS,84,Obsidian Entertainment,Bethesda Softworks,17+ Mature,"Action, Shooter, RPG","Platforms
Xbox 360, PC, Xbox One, PlayStation 4, PlayStation 3"
Max Payne 2: The Fall of Max Payne,"OCT 14, 2003",AVERAGE PLAYTIME: 3 HOURS,80,Remedy Entertainment,Rockstar Games,17+ Mature,"Action, Shooter","Platforms
PC, Xbox, PlayStation 2"
Resident Evil 4 (2005),"JAN 11, 2005",AVERAGE PLAYTIME: 5 HOURS,83,Capcom,Ubisoft Entertainment,17+ Mature,"Action, Shooter","Platforms
GameCube, Android, PC, iOS, PlayStation 4, PlayStation 2, Wii"
The Legend of Zelda: Ocarina of Time,"NOV 21, 1998",AVERAGE PLAYTIME: 7 HOURS,99,Nintendo,Nintendo,0+ Everyone,"Action, Adventure, RPG","Platforms
Nintendo Switch, Nintendo 64"
Black Myth: Wu Kong,"AUG 19, 2024",AVERAGE PLAYTIME: 24 HOURS,N/A,Game Science,N/A,"Singleplayer, Steam Achievements, Full controller support, Steam Cloud, Atmospheric, RPG, Story Rich, Third Person, Fantasy, Difficult, Violent, Action-Adventure, Action RPG, Hack and Slash, Dark Fantasy, 3D, combat, Music, Drama, Souls-like, Mythology, Family Sharing","Aug 19, 2024","Platforms
PC"
Black Myth: Wukong,"AUG 20, 2024",N/A,N/A,Game Science,N/A,http://www.heishenhua.com/,"Aug 20, 2024","Platforms
PC, Xbox Series S/X, PlayStation 5"
Divinity: Original Sin 2,"SEP 14, 2017",AVERAGE PLAYTIME: 22 HOURS,95,Larian Studios,Larian Studios,17+ Mature,"RPG, Strategy","Platforms
PlayStation 4, Nintendo Switch, PC, Xbox One"
The Legend of Zelda: The Wind Waker,"DEC 13, 2002",AVERAGE PLAYTIME: 37 HOURS,N/A,Nintendo,N/A,"The Legend of Zelda: Tears of the Kingdom, Zelda's Adventure, Cadence of Hyrule, The Legend of Zelda: Breath of the Wild, Hyrule Warriors Legends, The Legend of Zelda: Tri Force Heroes, Hyrule Warriors, The Legend of Zelda: A Link Between Worlds, The Legend of Zelda: Skyward Sword, The Legend Of Zelda: Four Swords Anniversary Edition, The Legend of Zelda: Spirit Tracks, The Legend of Zelda: Phantom Hourglass, The Legend of Zelda: Twilight Princess, The Legend of Zelda: The Minish Cap, The Legend of Zelda: Four Swords Adventures, The Legend of Zelda: Four Swords, The Legend of Zelda: Oracle of Ages, The Legend of Zelda: Oracle of Seasons, The Legend of Zelda: Majora's Mask, The Legend of Zelda: Ocarina of Time, Zelda's Adventure (1995), Link: The Faces of Evil, The Legend of Zelda: Link's Awakening (1993), The Legend of Zelda: A Link to the Past, Zelda II: The Adventure of Link, The Legend of Zelda","Dec 13, 2002","Platforms
GameCube"
Final Fantasy IX,"JUL 7, 2000",AVERAGE PLAYTIME: 5 HOURS,84,Square Enix,Electronic Arts,13+ Teen,"Adventure, RPG","Platforms
iOS, PlayStation 4, PlayStation, Android, Nintendo Switch, PC, Xbox One"
God of War III,"MAR 16, 2010",AVERAGE PLAYTIME: 10 HOURS,92,SCE Studios Santa Monica,Sony Computer Entertainment,17+ Mature,Action,"Platforms
PlayStation 3"
The Legend of Zelda: Twilight Princess,"NOV 19, 2006",AVERAGE PLAYTIME: 60 HOURS,N/A,Nintendo,N/A,"The Legend of Zelda: Tears of the Kingdom, Zelda's Adventure, Cadence of Hyrule, The Legend of Zelda: Breath of the Wild, Hyrule Warriors Legends, The Legend of Zelda: Tri Force Heroes, Hyrule Warriors, The Legend of Zelda: A Link Between Worlds, The Legend of Zelda: Skyward Sword, The Legend Of Zelda: Four Swords Anniversary Edition, The Legend of Zelda: Spirit Tracks, The Legend of Zelda: Phantom Hourglass, The Legend of Zelda: The Minish Cap, The Legend of Zelda: Four Swords Adventures, The Legend of Zelda: The Wind Waker, The Legend of Zelda: Four Swords, The Legend of Zelda: Oracle of Ages, The Legend of Zelda: Oracle of Seasons, The Legend of Zelda: Majora's Mask, The Legend of Zelda: Ocarina of Time, Zelda's Adventure (1995), Link: The Faces of Evil, The Legend of Zelda: Link's Awakening (1993), The Legend of Zelda: A Link to the Past, Zelda II: The Adventure of Link, The Legend of Zelda","Nov 19, 2006","Platforms
GameCube, Wii U, Wii"
Vampire: The Masquerade - Bloodlines,"NOV 15, 2004",AVERAGE PLAYTIME: 2 HOURS,80,Troika Games,Activision Blizzard,18+ Adults Only,"Action, RPG","Platforms
PC"
Devil May Cry 3: Dante's Awakening,"FEB 17, 2005",AVERAGE PLAYTIME: 1 HOUR,78,Capcom U.S.A,Capcom,17+ Mature,Action,"Platforms
PlayStation 2, Xbox 360, PC, PlayStation 3"
FINAL FANTASY VI,"APR 2, 1994",AVERAGE PLAYTIME: 4 HOURS,92,Square Enix,Square Enix,Not rated,RPG,"Platforms
SNES, Android, PC, iOS, Game Boy Advance"
Muhammad Sex Simulator 2015,"JAN 1, 2015",N/A,N/A,controversial,N/A,N/A,"Jan 1, 2015","Platforms
PC"
Tsukihime,"DEC 18, 2000",N/A,N/A,Type-Moon,N/A,"MELTY BLOOD: TYPE LUMINA, Tsukihime Remake, Kagetsu Tohya","Dec 18, 2000","Platforms
PC"
Tentacle Locker,"AUG 8, 2018",N/A,N/A,Space,N/A,N/A,"Aug 8, 2018","Platforms
iOS, PC, PlayStation 3"
Kingdom Hearts,"MAR 28, 2002",N/A,85,Square,Sony Computer Entertainment,10+ Everyone 10+,"Action, RPG","Platforms
PlayStation 2"
Beat Saber,"MAY 21, 2019",AVERAGE PLAYTIME: 7 HOURS,90,Hyperbolic Magnetism,Oculus Studios,13+ Teen,"Action, Indie","Platforms
PC, PlayStation 5, PlayStation 4"
Silent Hill,"JAN 31, 1999",AVERAGE PLAYTIME: 23 HOURS,86,Team Silent,Konami,17+ Mature,Action,"Platforms
PlayStation"
Need for Speed: Underground 2,"NOV 9, 2004",AVERAGE PLAYTIME: 46 HOURS,82,Electronic Arts Canada,Electronic Arts,13+ Teen,"Racing, Arcade","Platforms
Nintendo DS, PC, PlayStation 2, Game Boy Advance, Xbox, GameCube"
Metal Gear Solid 2: Sons of Liberty,"NOV 12, 2001",AVERAGE PLAYTIME: 12 HOURS,96,Konami Computer Entertainment Japan,Konami,17+ Mature,"Action, Shooter","Platforms
PlayStation 2, PlayStation 3, PS Vita, Xbox 360, Xbox"
Gothic 2,"NOV 29, 2002",AVERAGE PLAYTIME: 46 HOURS,79,Piranha Bytes,JoWooD Productions,17+ Mature,"Action, RPG","Platforms
PC"
The Neverhood,"OCT 31, 1996",N/A,N/A,Microsoft Studios,N/A,"Klaymen Gun Hockey, BoomBots, Skullmonkeys","Oct 31, 1996","Platforms
PlayStation, PC"
Burnout 3: Takedown,"SEP 7, 2004",AVERAGE PLAYTIME: 23 HOURS,94,Criterion Games,Electronic Arts,13+ Teen,"Racing, Arcade","Platforms
Xbox, PlayStation 2, Xbox 360"
The Legend of Zelda: Link's Awakening (1993),"JUN 6, 1993",AVERAGE PLAYTIME: 18 HOURS,N/A,Nintendo,N/A,"The Legend of Zelda: Tears of the Kingdom, Zelda's Adventure, Cadence of Hyrule, The Legend of Zelda: Breath of the Wild, Hyrule Warriors Legends, The Legend of Zelda: Tri Force Heroes, Hyrule Warriors, The Legend of Zelda: A Link Between Worlds, The Legend of Zelda: Skyward Sword, The Legend Of Zelda: Four Swords Anniversary Edition, The Legend of Zelda: Spirit Tracks, The Legend of Zelda: Phantom Hourglass, The Legend of Zelda: Twilight Princess, The Legend of Zelda: The Minish Cap, The Legend of Zelda: Four Swords Adventures, The Legend of Zelda: The Wind Waker, The Legend of Zelda: Four Swords, The Legend of Zelda: Oracle of Ages, The Legend of Zelda: Oracle of Seasons, The Legend of Zelda: Majora's Mask, The Legend of Zelda: Ocarina of Time, Zelda's Adventure (1995), Link: The Faces of Evil, The Legend of Zelda: A Link to the Past, Zelda II: The Adventure of Link, The Legend of Zelda","Jun 6, 1993","Platforms
Game Boy Color, Game Boy, Nintendo 3DS"
Okami,"APR 20, 2006",AVERAGE PLAYTIME: 1 HOUR,93,Ready At Dawn,Capcom,13+ Teen,"Action, Adventure","Platforms
Wii, PlayStation 2, PC"
Dragon Ball Z: Budokai Tenkaichi 3,"OCT 4, 2007",AVERAGE PLAYTIME: 15 HOURS,73,Spike,Atari,13+ Teen,Fighting,"Platforms
Wii, PlayStation 2"
SUPERHOT VR,"MAY 25, 2017",AVERAGE PLAYTIME: 2 HOURS,85,SUPERHOT Team,SUPERHOT Team,0+ Everyone,"Action, Shooter, Simulation, Indie","Platforms
PlayStation 4, PC"
Arcanum: Of Steamworks and Magick Obscura,"AUG 21, 2001",AVERAGE PLAYTIME: 1 HOUR,81,Troika Games,Activision Blizzard,13+ Teen,RPG,"Platforms
PC"
NieR:Automata,"MAR 17, 2017",AVERAGE PLAYTIME: 13 HOURS,86,Platinum Games,Square Enix,17+ Mature,"Action, RPG","Platforms
PlayStation 4, Nintendo Switch, PC, Xbox One"
Metal Gear Solid 4: Guns of the Patriots,"JUN 12, 2008",AVERAGE PLAYTIME: 20 HOURS,94,Kojima Productions,Konami,17+ Mature,"Action, Shooter","Platforms
PlayStation 3"
Stardew Valley,"FEB 25, 2016",AVERAGE PLAYTIME: 13 HOURS,89,Chucklefish,Chucklefish,10+ Everyone 10+,"RPG, Simulation, Indie","Platforms
Nintendo Switch, Xbox One, PC, iOS, macOS, Linux, PlayStation 4, PS Vita, Android"
Cute can be broken,"MAR 3, 2021",N/A,N/A,RPGMaker,N/A,N/A,"Mar 3, 2021","Platforms
PC"
Dead Space,"JAN 27, 2023",AVERAGE PLAYTIME: 4 HOURS,N/A,Electronic Arts,N/A,"Dead Space 3, Dead Space 2, Dead Space: Extraction, Dead Space (2008)","Jan 27, 2023","Platforms
PC, Xbox Series S/X, PlayStation 5"
One Slice of Lust,"JUL 19, 2020",N/A,N/A,Story,N/A,N/A,LustWorks,"Platforms
PC"
Yakuza: Like a Dragon,"JAN 16, 2020",AVERAGE PLAYTIME: 18 HOURS,85,SEGA,SEGA,Not rated,"Action, Adventure, RPG","Platforms
PC, PlayStation 4, Xbox One, Xbox Series S/X, PlayStation 5"
Psychonauts 2,"AUG 24, 2021",AVERAGE PLAYTIME: 11 HOURS,88,Double Fine Productions,Xbox Game Studios,13+ Teen,"Action, Adventure, Platformer","Platforms
PlayStation 4, Xbox One, Xbox Series S/X, macOS, PC, Linux"
Spyro: Year of the Dragon,"OCT 24, 2000",N/A,91,Insomniac Games,Sony Computer Entertainment,0+ Everyone,"Action, Adventure, Platformer","Platforms
PlayStation"
Paper Mario: The Thousand-Year Door,"JUL 22, 2004",N/A,87,Intelligent Systems,Nintendo,0+ Everyone,RPG,"Platforms
Nintendo Switch, GameCube"
International Superstar Soccer Deluxe,"SEP 22, 1995",N/A,N/A,Konami,N/A,"Singleplayer, Multiplayer","Sep 22, 1995","Platforms
PlayStation, SNES, Genesis"
"Pokémon Ruby, Sapphire, Emerald","SEP 16, 2004",N/A,76,Game Freak,Nintendo,0+ Everyone,"Adventure, RPG","Platforms
Game Boy Advance"
Silent Hill 3,"MAY 23, 2003",AVERAGE PLAYTIME: 1 HOUR,78,Konami Computer Entertainment Japan,Konami,13+ Teen,"Action, Adventure","Platforms
PC, PlayStation 2"
Maniac Mansion: Day of the Tentacle,"JUN 25, 1993",AVERAGE PLAYTIME: 6 HOURS,93,LucasArts Entertainment,LucasArts Entertainment,0+ Everyone,"Adventure, Puzzle","Platforms
PC, macOS"
Grim Fandango,"OCT 14, 1998",AVERAGE PLAYTIME: 1 HOUR,94,LucasArts Entertainment,LucasArts Entertainment,Not rated,Adventure,"Platforms
PC"
Pokémon Platinum,"MAR 22, 2009",AVERAGE PLAYTIME: 114 HOURS,N/A,N/A,N/A,N/A,N/A,"System requirements for Nintendo DS
Show less..."
Dungeon Keeper 2,"JUN 30, 1999",AVERAGE PLAYTIME: 1 HOUR,N/A,Electronic Arts,N/A,"Dungeon Keeper (mobile), Dungeon Keeper Gold","Jun 30, 1999","Platforms
PC"
The Longest Journey,"NOV 18, 1999",AVERAGE PLAYTIME: 1 HOUR,91,Funcom,Funcom,17+ Mature,"Adventure, Puzzle","Platforms
PC"
Command & Conquer: Red Alert,"OCT 31, 1996",AVERAGE PLAYTIME: 47 HOURS,81,Sony Interactive Entertainment,Virgin Interactive,13+ Teen,Strategy,"Platforms
PlayStation, PC, PlayStation 3, PSP"
Shin Megami Tensei: Persona 4,"JUL 10, 2008",AVERAGE PLAYTIME: 45 HOURS,90,Sony Interactive Entertainment,Square Enix,17+ Mature,"Action, Adventure, RPG","Platforms
PlayStation 3, PlayStation 2"
Winter Memories,"JAN 5, 2024",AVERAGE PLAYTIME: 10 HOURS,N/A,Kagura Games,N/A,"Singleplayer, Steam Cloud, RPG, FPS, Pixel Graphics, Anime, Nudity, Cute, Mature, Sexual Content, Visual Novel, JRPG, NSFW, hentai, Хентай","Jan 5, 2024","Platforms
PC"
Inner Bimbo,"JAN 25, 2018",N/A,N/A,NSFW,N/A,N/A,"Jan 25, 2018","Platforms
PC"
1v1.LOL,"MAY 6, 2020",AVERAGE PLAYTIME: 1 HOUR,N/A,Lior Alterman,N/A,"Multiplayer, Third Person, Partial Controller Support, Free to Play, Tactical, Third-Person Shooter, PvP, In-App Purchases, 3D, Team-Based, Building, Online PvP, battle, fight, Battle Royale, build, match, school, simulator, box, random, train","May 6, 2020","Platforms
PC, iOS"
RAPE DAY,N/A,N/A,N/A,N/A,Singleplayer,https://www.rapeday.com/,Desk Plant,"Platforms
PC"
OMORI,"DEC 25, 2020",AVERAGE PLAYTIME: 6 HOURS,N/A,Playism,N/A,"Singleplayer, Steam Achievements, RPG, Partial Controller Support","Dec 25, 2020","Platforms
Nintendo Switch, macOS, PC, Xbox Series S/X"
Portal 2,"APR 18, 2011",AVERAGE PLAYTIME: 11 HOURS,95,Valve Software,Electronic Arts,10+ Everyone 10+,"Shooter, Puzzle","Platforms
PlayStation 3, PC, Xbox 360, Linux, macOS, Xbox One"
The Last Of Us,"JUN 14, 2013",AVERAGE PLAYTIME: 15 HOURS,95,Naughty Dog,Sony Computer Entertainment,17+ Mature,"Action, Adventure","Platforms
PlayStation 3, PlayStation 4"
It Takes Two,"MAR 26, 2021",AVERAGE PLAYTIME: 10 HOURS,88,Hazelight,Electronic Arts,10+ Everyone 10+,"Action, Adventure, Platformer","Platforms
PlayStation 5, Xbox Series S/X, PlayStation 4, PC, Nintendo Switch, Xbox One"
Portal,"OCT 9, 2007",AVERAGE PLAYTIME: 4 HOURS,90,Valve Software,Valve,13+ Teen,"Action, Puzzle","Platforms
macOS, PC, Android, PlayStation 3, Xbox 360, Linux, Nintendo Switch"
The Last of Us Part II,"JUN 19, 2020",N/A,93,Naughty Dog,Sony Interactive Entertainment,17+ Mature,"Action, Shooter, Adventure","Platforms
PlayStation 4, PlayStation 5"
God of War: Ragnarök,"NOV 9, 2022",N/A,N/A,Sony Interactive Entertainment,N/A,"God of War Ragnarok: Valhalla, God of War (2018), God of War: Ascension, God of War Saga, God of War: Origins Collection, God of War: Ghost of Sparta, God of War III, God of War Collection, God of War: Chains of Olympus, God of War: Betrayal, God of War II, God of War I","Nov 9, 2022","Platforms
PC, PlayStation 4, PlayStation 5"
Silent Hill 2 (2001),"SEP 24, 2001",AVERAGE PLAYTIME: 14 HOURS,89,Bloober Team,Konami,Not rated,"Action, Adventure","Platforms
PC, Xbox, PlayStation 2"
Need For Speed: Most Wanted,"NOV 15, 2005",N/A,83,Electronic Arts Black Box,Electronic Arts,13+ Teen,"Racing, Arcade","Platforms
GameCube, Xbox, PlayStation 3, PlayStation 2, PC, Xbox 360, PSP"
Grand Theft Auto: Vice City,"OCT 27, 2002",AVERAGE PLAYTIME: 2 HOURS,94,Rockstar North,Rockstar Games,17+ Mature,Action,"Platforms
Android, macOS, PC, iOS, PlayStation 4, PS Vita, PlayStation 2, Xbox"
Minecraft,"MAY 10, 2009",AVERAGE PLAYTIME: 26 HOURS,83,4J Studios,Microsoft Studios,10+ Everyone 10+,"Action, Simulation, Arcade, Massively Multiplayer, Indie","Platforms
Android, PS Vita, PlayStation 4, PlayStation 3, Xbox 360, Nintendo 3DS, Nintendo Switch, macOS, PC, iOS, Wii U, Xbox One, Linux"
Final Fantasy VII (1997),"JAN 31, 1997",AVERAGE PLAYTIME: 3 HOURS,83,Square Enix,Square Enix,13+ Teen,"Action, Adventure, RPG","Platforms
PC, iOS, Android, Nintendo Switch, PlayStation, PlayStation 4, Xbox One"
Diablo II,"JUN 29, 2000",N/A,88,Blizzard North,Blizzard Entertainment,Not rated,"Action, RPG","Platforms
PC, macOS"
Balatro,"FEB 20, 2024",AVERAGE PLAYTIME: 14 HOURS,N/A,PlayStack,N/A,"Singleplayer, Steam Achievements, Full controller support, Steam Cloud, 2D, Difficult, Pixel Graphics, Turn-Based, Replay Value, Choices Matter, Roguelike, Turn-Based Strategy, Roguelite, Relaxing, Procedural Generation, Card Game, deckbuilding, Card Battler, Roguelike Deckbuilder","Feb 20, 2024","Platforms
PC, Nintendo Switch"
Windows XP Virus Simulator (test game),"JUL 26, 2020",N/A,N/A,weird,N/A,N/A,FunGames2Play,"Platforms
Web"
Final Fantasy VII Rebirth,"FEB 29, 2024",N/A,N/A,Square Enix,N/A,"Final Fantasy XVI, Final Fantasy XII: The Zodiac Age, FINAL FANTASY XV, LIGHTNING RETURNS: FINAL FANTASY XIII, FINAL FANTASY TYPE-0 HD, FINAL FANTASY XIII-2, Final Fantasy XIV, FINAL FANTASY XIII, FINAL FANTASY IV: THE AFTER YEARS, Final Fantasy Tactics A2: Grimoire of the Rift, Final Fantasy XII: Revenant Wings, FINAL FANTASY III (3D REMAKE), Final Fantasy XII, Final Fantasy X-2, Final Fantasy XI, FINAL FANTASY, Final Fantasy X, Final Fantasy IX, FINAL FANTASY VIII, Final Fantasy Tactics, Final Fantasy VII (1997), FINAL FANTASY VI, FINAL FANTASY V, Final Fantasy IV (1991), Final Fantasy III (1990), Final Fantasy II (1988), Final Fantasy (1987)","Feb 29, 2024","Platforms
PlayStation 5"
Rock n' Roll Racing,"JUN 4, 1993",N/A,N/A,Interplay Productions,N/A,"Singleplayer, Multiplayer, cooperative","Jun 4, 1993","Platforms
PC, Game Boy Advance, PlayStation, SNES, Genesis"
Chrono Trigger,"MAR 11, 1995",AVERAGE PLAYTIME: 6 HOURS,82,Square Enix,Square Enix,Not rated,RPG,"Platforms
SNES, Android, Wii, PC, iOS, Nintendo DS"
The Legend of Zelda: The Minish Cap,"NOV 4, 2004",AVERAGE PLAYTIME: 24 HOURS,N/A,Nintendo,N/A,"The Legend of Zelda: Tears of the Kingdom, Zelda's Adventure, Cadence of Hyrule, The Legend of Zelda: Breath of the Wild, Hyrule Warriors Legends, The Legend of Zelda: Tri Force Heroes, Hyrule Warriors, The Legend of Zelda: A Link Between Worlds, The Legend of Zelda: Skyward Sword, The Legend Of Zelda: Four Swords Anniversary Edition, The Legend of Zelda: Spirit Tracks, The Legend of Zelda: Phantom Hourglass, The Legend of Zelda: Twilight Princess, The Legend of Zelda: Four Swords Adventures, The Legend of Zelda: The Wind Waker, The Legend of Zelda: Four Swords, The Legend of Zelda: Oracle of Ages, The Legend of Zelda: Oracle of Seasons, The Legend of Zelda: Majora's Mask, The Legend of Zelda: Ocarina of Time, Zelda's Adventure (1995), Link: The Faces of Evil, The Legend of Zelda: Link's Awakening (1993), The Legend of Zelda: A Link to the Past, Zelda II: The Adventure of Link, The Legend of Zelda","Nov 4, 2004","Platforms
Wii U, Game Boy Advance, Nintendo 3DS"
The Legend of Zelda: Majora's Mask,"APR 27, 2000",AVERAGE PLAYTIME: 23 HOURS,95,Nintendo,Nintendo,10+ Everyone 10+,"Action, Adventure","Platforms
Nintendo Switch, Nintendo 64"
Fallout 2,"SEP 30, 1998",AVERAGE PLAYTIME: 2 HOURS,86,Black Isle Studios,Bethesda Softworks,17+ Mature,RPG,"Platforms
macOS, PC"
Dragon Age: Origins,"NOV 3, 2009",AVERAGE PLAYTIME: 7 HOURS,91,BioWare,Electronic Arts,17+ Mature,RPG,"Platforms
Xbox 360, Xbox One, macOS, PlayStation 3, PC"
Persona 5,"SEP 15, 2016",AVERAGE PLAYTIME: 105 HOURS,93,Atlus,Deep Silver,17+ Mature,"Action, Adventure, RPG","Platforms
PlayStation 3, PlayStation 4"
Marvel's Spider-Man 2,"OCT 20, 2023",N/A,N/A,Sony Interactive Entertainment,N/A,"Marvel's Spider-Man 2 PC Port, Marvel's Spider-Man Remastered, Marvel's Spider-Man: Miles Morales, Marvel's Spider-Man - Silver Lining, Marvel's Spider-Man - Turf Wars, Marvel's Spider-Man - The Heist, Marvel's Spider-Man, Marvel's Venom","Oct 20, 2023","Platforms
PlayStation 5"
SpaceEngine,"JUN 10, 2019",AVERAGE PLAYTIME: 1 HOUR,N/A,Vladimir Romanyuk,N/A,"Singleplayer, Open World, Partial Controller Support, Exploration, Early Access, Space, VR, Education, Science, Space Sim, VR Support","Jun 10, 2019","Platforms
PC"
Fire Emblem: Three Houses,"JUL 26, 2019",N/A,89,Koei Tecmo,Nintendo,13+ Teen,"RPG, Strategy","Platforms
Nintendo Switch"
P.T.,"AUG 12, 2014",N/A,N/A,Konami,N/A,"Silent Hill: The Short Message, Silent Hill: Book of Memories, Silent Hill: Downpour, Silent Hill: Mobile 3, Silent Hill: Shattered Memories, Silent Hill: The Escape, Silent Hill Homecoming, Silent Hill - The Arcade, Silent Hill: Origins, Silent Hill: Orphan, Silent Hill 4: The Room, Silent Hill 3, Silent Hill 2 (2001), Silent Hill, Silent Hill f, Silent Hill Townfall, Silent Hills","Aug 12, 2014","Platforms
PlayStation 4"
Tekken 3,"MAR 20, 1997",AVERAGE PLAYTIME: 1 HOUR,96,NAMCO,Namco,Not rated,Fighting,"Platforms
PlayStation"
Phoenix Wright: Ace Attorney,"OCT 12, 2001",AVERAGE PLAYTIME: 13 HOURS,80,Capcom,Capcom,13+ Teen,Adventure,"Platforms
iOS, PC, Nintendo 3DS, Nintendo DS, Wii, Android, Game Boy Advance"
Gran Turismo 2,"DEC 11, 1999",N/A,93,Polyphony Digital,Sony Computer Entertainment,0+ Everyone,Racing,"Platforms
PlayStation, Dreamcast"
Sekiro: Shadows Die Twice,"MAR 22, 2019",AVERAGE PLAYTIME: 16 HOURS,90,FromSoftware,Activison,17+ Mature,"Action, RPG","Platforms
Xbox One, PC, PlayStation 4"
StarCraft,"MAR 31, 1998",AVERAGE PLAYTIME: 1 HOUR,88,Mass Media,Nintendo,Not rated,Action,"Platforms
Nintendo 64, PC, macOS"
Baldur's Gate II: Shadows of Amn,"SEP 21, 2000",AVERAGE PLAYTIME: 1 HOUR,95,BioWare,SEGA,13+ Teen,"RPG, Strategy","Platforms
Android, PC, macOS"
The Legend of Zelda: A Link Between Worlds,"NOV 22, 2013",AVERAGE PLAYTIME: 26 HOURS,91,Nintendo,Nintendo,0+ Everyone,Adventure,"Platforms
Nintendo 3DS"
Super Mario Galaxy 2,"MAY 23, 2010",AVERAGE PLAYTIME: 18 HOURS,97,Nintendo,Nintendo,0+ Everyone,Platformer,"Platforms
Wii, Wii U"
Paper Mario (2000),"AUG 11, 2000",AVERAGE PLAYTIME: 5 HOURS,93,Intelligent Systems,Nintendo,0+ Everyone,RPG,"Platforms
Nintendo 64"
Super Mario Bros. 3,"OCT 23, 1988",AVERAGE PLAYTIME: 25 HOURS,N/A,Nintendo,N/A,"Super Mario Odyssey, Super Mario Run, Super Mario 3D World, New Super Mario Bros. U, New Super Mario Bros. 2, Super Mario 3D Land, Super Mario Galaxy 2, New Super Mario Bros. Wii, Super Mario Galaxy, New Super Mario Bros., Super Mario Sunshine, Super Mario World: Super Mario Advance 2, Super Mario 64, Super Mario World 2: Yoshi's Island, Super Mario World, Super Mario Bros. 2, Super Mario Bros.","Oct 23, 1988","Platforms
NES, Game Boy Color, Wii U, Nintendo 3DS, Wii, SNES, Nintendo Switch"
Uncharted 2: Among Thieves,"OCT 13, 2009",AVERAGE PLAYTIME: 13 HOURS,96,Naughty Dog,Sony Computer Entertainment,13+ Teen,"Action, Shooter","Platforms
PlayStation 4, PlayStation 3"
Star Wars: Knights of the Old Republic II – The Sith Lords,"DEC 6, 2004",AVERAGE PLAYTIME: 4 HOURS,85,Aspyr Media,Aspyr,13+ Teen,"Adventure, RPG","Platforms
Xbox, Xbox 360, Linux, macOS, PC, Nintendo Switch, Android"
Mass Effect 3,"MAR 5, 2012",AVERAGE PLAYTIME: 30 HOURS,90,BioWare,Electronic Arts,17+ Mature,"Action, RPG","Platforms
PlayStation 3, Xbox One, PC, Wii U, Xbox 360"
Love You To Bits,"FEB 25, 2016",N/A,N/A,Rovio,N/A,"Space, Cute, Aliens, Story, Robots, puzzles, Soundtrack, planets, love, click","Feb 25, 2016","Platforms
PC, Android, iOS"
Yakuza 0,"MAR 12, 2015",AVERAGE PLAYTIME: 8 HOURS,85,SEGA,SEGA,17+ Mature,"Action, RPG","Platforms
PC, PlayStation 4, PlayStation 3, Xbox One"
3072 AD,"AUG 7, 2021",N/A,N/A,rubber,N/A,N/A,"Aug 7, 2021","Platforms
PC"
FINAL FANTASY VII REMAKE INTERGRADE,"JUN 10, 2021",AVERAGE PLAYTIME: 7 HOURS,N/A,Square Enix,N/A,"Singleplayer, Steam Achievements, Full controller support, Steam Cloud, RPG, Third Person, Sci-fi, Fantasy, Action-Adventure, Action RPG, Controller, 3D, Realistic, Cinematic, Building, Magic, Story, Steam Trading Cards, Remake, JRPG, Drama, 3D Platformer, console, Party-Based RPG, offline, Spectacle fighter, escape, bundle, Underground, connect, drive","Jun 10, 2021","Platforms
PC, PlayStation 5"
Resident Evil: Village,"MAY 7, 2021",AVERAGE PLAYTIME: 16 HOURS,83,Capcom,Capcom,Not rated,"Action, Adventure","Platforms
Xbox Series S/X, PC, iOS, PlayStation 5, Nintendo Switch, Xbox One, PlayStation 4"
Little Nightmares II,"FEB 10, 2021",AVERAGE PLAYTIME: 6 HOURS,82,Tarsier Studios,Bandai Namco Entertainment,13+ Teen,"Action, Adventure, Platformer","Platforms
PlayStation 5, Xbox Series S/X, PlayStation 4, Nintendo Switch, PC, Xbox One"
Shadow of the Colossus,"OCT 18, 2005",N/A,91,Team Ico,Sony Computer Entertainment,13+ Teen,"Action, Adventure, RPG","Platforms
PlayStation 2"
Terranigma,"DEC 19, 1996",N/A,N/A,Nintendo,N/A,Singleplayer,"Dec 19, 1996","Platforms
SNES"
Beyond Good & Evil,"NOV 11, 2003",AVERAGE PLAYTIME: 1 HOUR,84,Ubisoft,Ubisoft Entertainment,13+ Teen,"Action, Adventure","Platforms
GameCube, Xbox, PlayStation 2, PC"
DOOM,"DEC 10, 1993",N/A,83,SEGA,SEGA,17+ Mature,"Action, Shooter","Platforms
Android, Xbox One, PC, Linux, Nintendo Switch, Xbox 360, PlayStation 3, PlayStation 4, Game Boy Advance, PlayStation, SNES, SEGA Saturn, 3DO, Jaguar, SEGA 32X"
Shin Megami Tensei: Persona 3,"JUL 13, 2006",N/A,86,Atlus,Atlus,17+ Mature,RPG,"Platforms
PlayStation 2"
Command & Conquer: Generals - Zero Hour,"SEP 22, 2003",N/A,83,Electronic Arts Los Angeles,Electronic Arts,13+ Teen,Strategy,"Platforms
macOS, PC"
Deus Ex,"JUN 26, 2000",AVERAGE PLAYTIME: 2 HOURS,90,Ion Storm,Eidos Interactive,17+ Mature,"Action, Shooter, RPG","Platforms
PC, macOS, PlayStation 2, PlayStation 3"
Ninja Gaiden Black,"SEP 20, 2005",N/A,N/A,Koei Tecmo Games,N/A,"NINJA GAIDEN Σ2, NINJA GAIDEN Σ, Yaiba: Ninja Gaiden Z, Ninja Gaiden Sigma 2 Plus, NINJA GAIDEN SIGMA PLUS, Ninja Gaiden 3, Ninja Gaiden Sigma 2, Ninja Gaiden: Dragon Sword, Ninja Gaiden (SEGA), Ninja Gaiden III: The Ancient Ship of Doom (1991), Ninja Gaiden II: The Dark Sword of Chaos (1990), Ninja Gaiden","Sep 20, 2005","Platforms
Xbox 360, Xbox One, Xbox"
WarioWare: Smooth Moves,"JAN 15, 2007",AVERAGE PLAYTIME: 3 HOURS,83,Intelligent Systems,Nintendo,10+ Everyone 10+,Casual,"Platforms
Wii"
Gothic,"MAR 15, 2001",AVERAGE PLAYTIME: 1 HOUR,81,Piranha Bytes,THQ Nordic,13+ Teen,"Action, RPG","Platforms
PC, Nintendo Switch"
The Elder Scrolls III: Morrowind,"MAY 1, 2002",AVERAGE PLAYTIME: 2 HOURS,89,Bethesda Game Studios,Bethesda Softworks,13+ Teen,RPG,"Platforms
Xbox 360, Xbox, PC"
Dead Space (2008),"OCT 13, 2008",AVERAGE PLAYTIME: 3 HOURS,86,Electronic Arts,Electronic Arts,17+ Mature,"Action, Shooter","Platforms
PlayStation 3, PC, Xbox One, Xbox 360"
Hotline Miami,"OCT 22, 2012",AVERAGE PLAYTIME: 5 HOURS,85,Devolver Digital,Devolver Digital,Not rated,"Action, Shooter, Arcade, Indie","Platforms
Linux, Nintendo Switch, Xbox One, PlayStation 4, PS Vita, PC"
MiSide,"DEC 10, 2024",AVERAGE PLAYTIME: 6 HOURS,N/A,IndieArk,N/A,"Singleplayer, Steam Achievements, Atmospheric, RPG, Story Rich, First-Person, 2D, Horror, Action-Adventure, Cute, 3D, Drama, Hidden Object, Thriller, Family Sharing, Modern, Conversation, Life Sim","Dec 10, 2024","Platforms
PC"
The Legend of Heroes: Trails to Azure,"MAY 28, 2020",AVERAGE PLAYTIME: 66 HOURS,N/A,NIS America,N/A,"The Legend of Heroes: Trails into Reverie, The Legend of Heroes: Kuro no Kiseki Ⅱ -CRIMSON SiN, The Legend of Heroes: Trails from Zero, The Legend of Heroes: Kuro no Kiseki, The Legend of Heroes: Trails in the Dark, The Legend of Heroes: Hajimari no Kiseki, The Legend of Heroes: Trails of Cold Steel IV, The Legend of Heroes: Trails of Cold Steel III, The Legend of Heroes: Trails of Cold Steel II, The Legend of Heroes: Trails of Cold Steel, The Legend of Heroes: Trails in the Sky, The Legend of Heroes II - Prophecy of the Moonlight Witch, The Legend of Heroes III - Song of the Ocean","May 28, 2020","Platforms
PC, PlayStation 4, Nintendo Switch"
Ultrakill,"SEP 2, 2020",AVERAGE PLAYTIME: 3 HOURS,N/A,New Blood Interactive,N/A,"ULTRAKILL DEMO, ULTRAKILL Prelude","Sep 2, 2020","Platforms
Linux, PC"
The Stanley Parable: Ultra Deluxe,"APR 27, 2022",AVERAGE PLAYTIME: 4 HOURS,90,Crows Crows Crows,Crows Crows Crows,Not rated,"Adventure, Casual, Indie","Platforms
Xbox Series S/X, PlayStation 4, Nintendo Switch, Linux, macOS, PC, PlayStation 5, Xbox One"
Orion Sandbox Enhanced,"SEP 21, 2018",AVERAGE PLAYTIME: 3 HOURS,N/A,y8.com,N/A,"Singleplayer, RPG","Sep 21, 2018","Platforms
PC"
Red Dead Redemption 2,"OCT 26, 2018",AVERAGE PLAYTIME: 21 HOURS,96,Rockstar Games,Rockstar Games,17+ Mature,Action,"Platforms
PC, PlayStation 4, Xbox One"
The Legend of Zelda: Breath of the Wild,"MAR 3, 2017",AVERAGE PLAYTIME: 121 HOURS,97,Nintendo,Nintendo,10+ Everyone 10+,"Action, Adventure, RPG","Platforms
Nintendo Switch, Wii U"
Uncharted 4: A Thief’s End,"MAY 10, 2016",N/A,93,Naughty Dog,Sony Computer Entertainment,13+ Teen,"Action, Shooter","Platforms
PlayStation 5, PlayStation 4"
Indiana Jones and the Great Circle,"DEC 9, 2024",AVERAGE PLAYTIME: 7 HOURS,N/A,Bethesda Softworks,N/A,"Singleplayer, Steam Achievements, Full controller support, Steam Cloud, Story Rich, Open World, First-Person, Exploration, Stealth, Action-Adventure, Captions available, 3D, Realistic, Historical, 3D Platformer, World War II, LGBTQ+, Political, Family Sharing, Investigation, Politics, HDR available","Dec 9, 2024","Platforms
PC, PlayStation 5, Xbox Series S/X"
Super Mario Odyssey,"OCT 27, 2017",N/A,97,Nintendo,Nintendo,10+ Everyone 10+,"Arcade, Platformer","Platforms
Nintendo Switch"
Hades,"SEP 17, 2020",AVERAGE PLAYTIME: 10 HOURS,93,Supergiant Games,Supergiant Games,13+ Teen,"Action, Adventure, RPG, Indie","Platforms
PlayStation 5, Xbox Series S/X, PlayStation 4, Nintendo Switch, PC, Xbox One"
Ori and the Will of the Wisps,"MAR 10, 2020",AVERAGE PLAYTIME: 11 HOURS,91,Moon Studios,Microsoft Studios,0+ Everyone,"Action, Adventure, Platformer","Platforms
Xbox One, PC, Nintendo Switch, Xbox Series S/X"
Metal Gear Solid,"SEP 3, 1998",AVERAGE PLAYTIME: 1 HOUR,94,Konami Computer Entertainment Japan,Sony Computer Entertainment,17+ Mature,Action,"Platforms
PC, Game Boy Color, PlayStation, PlayStation 3"
Elden Ring,"FEB 25, 2022",AVERAGE PLAYTIME: 62 HOURS,95,FromSoftware,Bandai Namco Entertainment,17+ Mature,"Action, RPG","Platforms
PC, Xbox One, PlayStation 4, Xbox Series S/X, PlayStation 5"
Hollow Knight,"FEB 23, 2017",AVERAGE PLAYTIME: 7 HOURS,88,Team Cherry,Team Cherry,10+ Everyone 10+,"Action, Indie, Platformer","Platforms
PlayStation 4, Linux, macOS, PC, Nintendo Switch, Xbox One"
Metal Gear Solid 3: Snake Eater,"NOV 17, 2004",N/A,84,Konami Computer Entertainment Japan,Konami,17+ Mature,Action,"Platforms
Xbox 360, Nintendo 3DS, PlayStation 2, PlayStation 3, PS Vita"
The Elder Scrolls V: Skyrim,"NOV 11, 2011",AVERAGE PLAYTIME: 46 HOURS,94,Bethesda Game Studios,Bethesda Softworks,17+ Mature,"Action, RPG","Platforms
PC, Xbox Series S/X, PlayStation 5, Xbox One, PlayStation 4, Nintendo Switch, Xbox 360, PlayStation 3"
Super Mario Bros. Wonder,"OCT 20, 2023",N/A,N/A,Nintendo,N/A,N/A,"Oct 20, 2023","Platforms
Nintendo Switch"
Outer Wilds,"MAY 29, 2019",AVERAGE PLAYTIME: 4 HOURS,84,Mobius Digital,Annapurna Interactive,10+ Everyone 10+,"Adventure, Indie, Puzzle","Platforms
PlayStation 4, Nintendo Switch, Xbox One, PC"
Chants of Sennaar,"SEP 5, 2023",AVERAGE PLAYTIME: 9 HOURS,N/A,Focus Entertainment,N/A,"Singleplayer, Action-Adventure, Colorful, Puzzle Platformer","Sep 5, 2023","Platforms
Xbox One, PlayStation 4, Nintendo Switch, PC"
Donkey Kong Country 2: Diddy's Kong Quest,"NOV 20, 1995",AVERAGE PLAYTIME: 10 HOURS,N/A,Nintendo,N/A,"Donkey Kong Country: Tropical Freeze, Donkey Kong Country Returns, Donkey Kong: Barrel Blast, Donkey Kong: Jungle Climber, DK: King of Swing, Donkey Kong Jungle Beat, Donkey Konga, Donkey Kong 64, Donkey Kong Country 3: Dixie Kong's Double Trouble, Donkey Kong Country, Donkey Kong 3, Donkey Kong Jr., Donkey Kong","Nov 20, 1995","Platforms
Nintendo 3DS, Game Boy Advance, Wii U, SNES, Wii"
Return Of The Obra Dinn,"OCT 17, 2018",AVERAGE PLAYTIME: 5 HOURS,88,3909,3909,17+ Mature,"Adventure, Indie","Platforms
Nintendo Switch, PlayStation 4, Xbox One, PC, macOS"
Metroid Fusion,"NOV 17, 2002",AVERAGE PLAYTIME: 14 HOURS,92,Nintendo,Nintendo,0+ Everyone,"Action, Platformer","Platforms
Game Boy Advance"
StarCraft II,"JUL 27, 2010",N/A,93,Blizzard Entertainment,N/A,"StarCraft: Remastered, StarCraft, StarCraft: Ghost",Strategy,"Platforms
PC, macOS"
Star Wars: Knights of the Old Republic,"JUL 15, 2003",AVERAGE PLAYTIME: 2 HOURS,88,Aspyr Media,Aspyr,17+ Mature,"Action, RPG","Platforms
Xbox 360, Xbox, Nintendo Switch, Xbox One, Android, iOS, PC, macOS"
Batman: Arkham Asylum,"AUG 25, 2009",AVERAGE PLAYTIME: 13 HOURS,91,Rocksteady Studios,Square Enix,13+ Teen,Action,"Platforms
Nintendo Switch, macOS, PC, PlayStation 4, PlayStation 3, Xbox 360, Xbox One"
Helldivers II,"FEB 8, 2024",N/A,N/A,Sony Interactive Entertainment,N/A,HELLDIVERS,"Feb 8, 2024","Platforms
PC, PlayStation 5"
Inscryption,"OCT 19, 2021",AVERAGE PLAYTIME: 8 HOURS,86,Daniel Mullins Games,Devolver Digital,Not rated,"Adventure, Strategy, Indie","Platforms
PlayStation 5, Linux, PC, Nintendo Switch, PlayStation 4, macOS"
A Short Hike,"JUL 29, 2019",AVERAGE PLAYTIME: 2 HOURS,84,adamgryu,adamgryu,0+ Everyone,"Adventure, Indie","Platforms
PC, macOS, Linux, Nintendo Switch"
Kingdom Hearts II,"DEC 22, 2005",N/A,87,Square Enix,Square Enix,10+ Everyone 10+,"Action, RPG","Platforms
PlayStation 2"
Yakuza Kiwami 2,"DEC 7, 2017",AVERAGE PLAYTIME: 10 HOURS,85,SEGA,SEGA,17+ Mature,"Action, Adventure, RPG","Platforms
PC, PlayStation 4, Xbox One"
Super Mario All-Stars (1993),"JUL 14, 1993",N/A,N/A,Nintendo,N/A,"Singleplayer, Multiplayer","Jul 14, 1993","Platforms
Nintendo Switch, Wii, SNES"
Phoenix Wright: Ace Attorney − Trials and Tribulations,"JAN 23, 2004",AVERAGE PLAYTIME: 17 HOURS,81,Capcom Production Studio 4,Capcom,13+ Teen,Adventure,"Platforms
Game Boy Advance, iOS, PC, Nintendo 3DS, Nintendo DS, Wii, Android"
Chrono Cross,"NOV 18, 1999",AVERAGE PLAYTIME: 42 HOURS,94,Sony Interactive Entertainment,Electronic Arts,13+ Teen,RPG,"Platforms
PlayStation"
Halo 2,"NOV 9, 2004",AVERAGE PLAYTIME: 8 HOURS,84,Bungie,Microsoft Studios,17+ Mature,"Action, Shooter","Platforms
PC, Xbox, Xbox One"
Age of Empires II: Age of Kings,"SEP 30, 1999",N/A,92,Ensemble Studios,Microsoft Studios,Not rated,Strategy,"Platforms
PC, PlayStation 2"
Dune II: Battle For Arrakis,"DEC 1, 1992",N/A,N/A,Virgin Interactive,N/A,"Dune: Spice Wars, Frank Herbert's Dune, Dune 2000: Long Live the Fighters!, Dune 2000, Dune, Dune Generations, Dune Awakening","Dec 1, 1992","Platforms
PC, Commodore / Amiga, Genesis"
"Pokémon Gold, Silver","NOV 21, 1999",AVERAGE PLAYTIME: 900 HOURS,N/A,Nintendo,N/A,"Pokémon Scarlet and Violet, Pokémon Brilliant Diamond, Shining Pearl, Pokémon Sword and Shield, Pokémon Sun, Moon, Pokémon Alpha Sapphire, Omega Ruby, Pokémon X, Y, Pokémon Black 2, White 2, Pokémon Black, White, Pokémon HeartGold, SoulSilver, Pokémon Diamond, Pearl, Pokémon Ruby, Sapphire, Emerald, Pokémon FireRed, LeafGreen, Pokémon Red, Blue, Yellow","Nov 21, 1999","Platforms
Nintendo 3DS, Game Boy, Game Boy Color"
Super Metroid,"MAR 19, 1994",AVERAGE PLAYTIME: 6 HOURS,N/A,Nintendo,N/A,"Metroid Dread, Metroid: Samus Returns, Metroid Prime: Federation Force, Metroid: Other M, Metroid Prime 3: Corruption, Metroid Prime Hunters, Metroid Prime 2: Echoes, Metroid: Zero Mission, Metroid Fusion, Metroid Prime, Metroid II - Return of Samus, Metroid, Metroid Prime 4","Mar 19, 1994","Platforms
Wii U, Nintendo 3DS, Wii, SNES"
The Legend of Zelda: A Link to the Past,"NOV 21, 1991",AVERAGE PLAYTIME: 28 HOURS,95,Nintendo,Nintendo,0+ Everyone,"Action, Adventure","Platforms
Wii, Game Boy Advance, SNES, Nintendo Switch, Nintendo 3DS, Wii U"
"Pokémon Red, Blue, Yellow","FEB 27, 1996",AVERAGE PLAYTIME: 33 HOURS,N/A,Nintendo,N/A,"Pokémon Scarlet and Violet, Pokémon Sword and Shield, Pokémon Sun, Moon, Pokémon X, Y, Pokémon Black 2, White 2, Pokémon Black, White, Pokémon HeartGold, SoulSilver, Pokémon Diamond, Pearl, Pokémon Ruby, Sapphire, Emerald, Pokémon FireRed, LeafGreen, Pokémon Gold, Silver","Feb 27, 1996","Platforms
Game Boy, Nintendo 3DS"
Planescape: Torment,"DEC 12, 1999",AVERAGE PLAYTIME: 2 HOURS,91,Black Isle Studios,Interplay Productions,13+ Teen,"RPG, Strategy","Platforms
PC"
STEINS;GATE,"AUG 25, 2009",AVERAGE PLAYTIME: 5 HOURS,87,MAGES,Spike Chunsoft Co,17+ Mature,"Adventure, RPG","Platforms
PS Vita, PSP, PlayStation 3, PC, iOS, Xbox 360, Android"
Mass Effect,"NOV 16, 2007",AVERAGE PLAYTIME: 9 HOURS,89,BioWare,Electronic Arts,17+ Mature,"Action, RPG","Platforms
Xbox One, Xbox 360, PlayStation 3, PC"
INSIDE,"JUN 28, 2016",AVERAGE PLAYTIME: 4 HOURS,87,Playdead,Playdead,13+ Teen,"Action, Adventure, Indie, Puzzle, Platformer","Platforms
Nintendo Switch, PC, iOS, macOS, Xbox One, PlayStation 4"
What Remains of Edith Finch,"APR 23, 2017",AVERAGE PLAYTIME: 3 HOURS,89,Annapurna Interactive,Annapurna Interactive,13+ Teen,"Adventure, Indie","Platforms
Xbox One, iOS, PC, Nintendo Switch, PlayStation 4"
Xenoblade Chronicles 3,"JUL 29, 2022",N/A,N/A,Nintendo,N/A,"Xenoblade Chronicles 2, Xenoblade Chronicles X, Xenoblade Chronicles, Xenosaga Episode III: Also sprach Zarathustra, Xenosaga I & II, Xenosaga Episode II: Jenseits von Gut und Bose, Xenosaga Episode I: Der Wille zur Macht, Xenogears (1998)","Jul 29, 2022","Platforms
Nintendo Switch"
Super Mario 3D World + Bowser’s Fury,"FEB 12, 2021",N/A,89,Nintendo,Nintendo,0+ Everyone,"Action, Platformer","Platforms
Nintendo Switch"
Your Turn To Die : Death game by Majority,"AUG 28, 2017",N/A,N/A,N/A,N/A,N/A,"Aug 28, 2017","Platforms
PC"
The Walking Dead: The Telltale Definitive Series,"SEP 10, 2019",AVERAGE PLAYTIME: 4 HOURS,84,Telltale Games,Skybound Games,Not rated,Adventure,"Platforms
PC, Xbox One, PlayStation 4"
"999: Nine Hours, Nine Persons, Nine Doors","NOV 16, 2010",N/A,N/A,Aksys Games Localization,N/A,"Zero Escape: Zero Time Dilemma, Zero Escape: Virtue's Last Reward","Nov 16, 2010","Platforms
PC, iOS, Nintendo DS, PS Vita"
Sonic the Hedgehog 3 (1994),"FEB 2, 1994",AVERAGE PLAYTIME: 3 HOURS,N/A,SEGA,N/A,"Sonic Colors: Ultimate, Team Sonic Racing, Sonic Forces, Sonic Mania, Sonic Boom: Fire & Ice, Sonic Runners, Sonic Boom: Shattered Crystal, Sonic Boom: Rise of Lyric, Sonic Jump Fever, Sonic Lost World, Sonic Dash, Sonic the Fighters, Sonic & All-Stars Racing Transformed, Sonic the Hedgehog 4 - Episode II, Sonic CD, Sonic Generations, Sonic Colors, SONIC FREE RIDERS, Sonic the Hedgehog 4 - Episode I, Dr. Robotnik’s Mean Bean Machine, Sonic & SEGA All-Stars Racing, Sonic Rivals 2, Sonic Rivals, Sonic and the Black Knight, Sonic Unleashed, Sonic Chronicles: The Dark Brotherhood, Sonic Jump 2, Sonic Riders: Zero Gravity, Sonic Rush Adventure, Sonic and the Secret Rings, Sonic The Hedgehog (2006), Sonic Riders, Sonic Rush, Shadow the Hedgehog, Sonic Jump, Sonic Advance 3, Sonic Heroes, Sonic Battle, Sonic Pinball Party, Sonic Advance 2","Feb 2, 1994","Platforms
Wii, Genesis, Xbox 360, PC, GameCube"
Skies of Arcadia,"OCT 5, 2000",N/A,93,SEGA,SEGA,13+ Teen,RPG,"Platforms
GameCube, Dreamcast"
Crash Team Racing,"SEP 30, 1999",N/A,88,Naughty Dog,Sony Computer Entertainment,Not rated,"Action, Racing","Platforms
PlayStation 3, PSP, PlayStation"
Pro Evolution Soccer 6,"OCT 27, 2006",AVERAGE PLAYTIME: 77 HOURS,N/A,Konami,N/A,"eFootball 2022, eFootball PES 2020, PRO EVOLUTION SOCCER 2019, Pro Evolution Soccer 2018, Pro Evolution Soccer 2017, Pro Evolution Soccer 2016, Pro Evolution Soccer 2015, Pro Evolution Soccer 2014, Pro Evolution Soccer 2013, Pro Evolution Soccer 2012, Pro Evolution Soccer 2011, Pro Evolution Soccer 2010, Pro Evolution Soccer 2009, Pro Evolution Soccer 2008, Pro Evolution Soccer 5, Pro Evolution Soccer 4, Pro Evolution Soccer 3, Pro Evolution Soccer 2, Pro Evolution Soccer","Oct 27, 2006","Platforms
PC, PlayStation 2"
Unreal Tournament,"NOV 22, 1999",AVERAGE PLAYTIME: 2 HOURS,92,Digital Extremes,GT Interactive Software,17+ Mature,"Action, Shooter","Platforms
Linux, PlayStation 2, Classic Macintosh, Dreamcast, PC"
The Secret of Monkey Island,"OCT 1, 1990",N/A,N/A,LucasArts Entertainment,N/A,"Return to Monkey Island, The Curse of Monkey Island, Monkey Island 2: LeChuck's Revenge","Oct 1, 1990","Platforms
macOS, PC, Atari ST, Classic Macintosh, SEGA CD, Commodore / Amiga"
Metroid: Zero Mission,"FEB 9, 2004",AVERAGE PLAYTIME: 4 HOURS,89,Nintendo,Nintendo,0+ Everyone,"Action, Platformer","Platforms
Game Boy Advance"
Golden Sun: The Lost Age,"APR 14, 2003",AVERAGE PLAYTIME: 68 HOURS,86,Camelot Software Planning,Nintendo,10+ Everyone 10+,RPG,"Platforms
Game Boy Advance"
Half-Life,"NOV 8, 1998",AVERAGE PLAYTIME: 3 HOURS,96,Valve Software,Valve,17+ Mature,"Action, Shooter","Platforms
Dreamcast, Linux, macOS, PC, PlayStation 2"
VA-11 Hall-A: Cyberpunk Bartender Action,"JUN 21, 2016",AVERAGE PLAYTIME: 5 HOURS,81,Sukeban Games,Limited Run Games,17+ Mature,"Adventure, Simulation","Platforms
Nintendo Switch, PC, macOS, Linux, PlayStation 4, PS Vita"
Call of Duty 4: Modern Warfare,"NOV 5, 2007",AVERAGE PLAYTIME: 6 HOURS,92,Raven Software,Square Enix,17+ Mature,"Action, Shooter","Platforms
Nintendo DS, PC, Xbox One, macOS, Wii, Xbox 360, PlayStation 3, PlayStation 4"
ROME: Total War,"SEP 22, 2004",AVERAGE PLAYTIME: 2 HOURS,88,Feral Interactive,SEGA,Not rated,"Strategy, Simulation","Platforms
PC, iOS, macOS, Android"
Geometry Dash RazorLeaf,"JUL 19, 2023",N/A,N/A,N/A,N/A,N/A,"Jul 19, 2023","Platforms
Android, PC"
Portal Reloaded,"APR 19, 2021",N/A,N/A,First-Person,N/A,N/A,"Apr 19, 2021","Platforms
PC"
Play with Gwen,"NOV 3, 2019",N/A,N/A,N/A,2D,N/A,"Nov 3, 2019","Platforms
Android"
Kunio-kun no Nekketsu Soccer League,"APR 23, 1993",N/A,N/A,Technos,N/A,"River City Girls 2, River City Saga: Three Kingdoms, STAY COOL, KOBAYASHI-SAN!: A RIVER CITY RANSOM STORY, River City Girls, River City: Rival Showdown, River City: Knights of Justice, River City Melee: Battle Royal Special, River City Ransom: Underground, River City: Tokyo Rumble, Downtown Nekketsu Jidaigeki, River City Super Sports Challenge ~All Stars Special~ Downtown Nekketsu, Riki Densetsu, River City Soccer Hooligans, River City Super Sports Challenge, River City Dodgeball All-Stars!!, Super Dodgeball Brawlers, Shin Nekketsu Kouha: Kunio Tachi no Banka, Nekketsu Kakutou Densetsu, River City Ransom 2, Crash 'n' the Boys: Street Challenge (1992), Nintendo World Cup, River City Ransom, Super Dodge Ball (1988), Renegade (1986)","Apr 23, 1993","Platforms
Atari 8-bit, NES"
ANOMALOUS COFFEE MACHINE,"AUG 11, 2024",N/A,N/A,Anime,N/A,N/A,"Aug 11, 2024","Platforms
Linux, macOS, Android, PC"
Baldur's Gate III,"AUG 3, 2023",AVERAGE PLAYTIME: 19 HOURS,97,Larian Studios,Larian Studios,17+ Mature,"Adventure, RPG, Strategy","Platforms
macOS, PC, Xbox Series S/X, PlayStation 5"
Grand Theft Auto: San Andreas,"OCT 26, 2004",AVERAGE PLAYTIME: 2 HOURS,93,Rockstar North,Capcom,17+ Mature,Action,"Platforms
macOS, PC, iOS, Xbox, Android, PlayStation 4, PlayStation 3, PlayStation 2, Xbox 360, Xbox One"
Mass Effect 2,"JAN 26, 2010",AVERAGE PLAYTIME: 22 HOURS,94,BioWare,Electronic Arts,17+ Mature,"Action, RPG","Platforms
PC, Xbox One, PlayStation 3, Xbox 360"
Grand Theft Auto V,"SEP 17, 2013",AVERAGE PLAYTIME: 74 HOURS,92,Rockstar North,Rockstar Games,17+ Mature,Action,"Platforms
PC, PlayStation 5, Xbox Series S/X, PlayStation 4, PlayStation 3, Xbox 360, Xbox One"
Disco Elysium,"OCT 14, 2019",AVERAGE PLAYTIME: 6 HOURS,91,ZA/UM,N/A,Disco Elysium: Final Cut,"Adventure, RPG, Indie","Platforms
PC, macOS, Xbox One, Nintendo Switch, PlayStation 4, Xbox Series S/X, PlayStation 5"
Alan Wake 2,"OCT 27, 2023",N/A,N/A,Epic Games Publishing,N/A,"Alan Wake's American Nightmare, Alan Wake","Oct 27, 2023","Platforms
Xbox Series S/X, PlayStation 5, PC"
Super Mario 64,"JUN 23, 1996",AVERAGE PLAYTIME: 12 HOURS,94,Nintendo,Nintendo,0+ Everyone,Platformer,"Platforms
Nintendo 64"
Ghost of Tsushima,"JUL 17, 2020",N/A,83,Sucker Punch Productions,Sony Interactive Entertainment,17+ Mature,"Action, Adventure, RPG","Platforms
PlayStation 4, PC, PlayStation 5"
Red Dead Redemption,"MAY 18, 2010",AVERAGE PLAYTIME: 6 HOURS,95,Rockstar North,Rockstar Games,17+ Mature,"Action, Shooter","Platforms
PC, Nintendo Switch, PlayStation 4, Xbox One, Xbox 360, PlayStation 3"
Assassin's Creed II,"NOV 17, 2009",AVERAGE PLAYTIME: 14 HOURS,89,Ubisoft Montreal,Ubisoft Entertainment,17+ Mature,Action,"Platforms
Xbox 360, PlayStation 3, Xbox One, PC, macOS, PlayStation 4"
Dark Souls III,"APR 11, 2016",AVERAGE PLAYTIME: 29 HOURS,89,BANDAI NAMCO Entertainment America,Bandai Namco Entertainment,17+ Mature,"Action, RPG","Platforms
Xbox One, PlayStation 4, PC"
Forest of the Blue Skin,"AUG 26, 2020",N/A,N/A,NSFW,N/A,N/A,"Aug 26, 2020","Platforms
PC"
Batman: Arkham City,"OCT 18, 2011",AVERAGE PLAYTIME: 20 HOURS,94,Rocksteady Studios,Warner Bros. Interactive,13+ Teen,Action,"Platforms
PlayStation 3, Nintendo Switch, macOS, PlayStation 4, Xbox One, PC, Xbox 360"
The Chronicles Of Myrtana: Archolos,"DEC 10, 2021",AVERAGE PLAYTIME: 125 HOURS,N/A,The Chronicles Of Myrtana Team,N/A,"role-playing, Gothic, gothic 2","Dec 10, 2021","Platforms
PC"
Castlevania: Aria of Sorrow,"MAY 6, 2003",N/A,91,Konami Digital Entertainment,Konami,13+ Teen,"Action, Platformer","Platforms
Game Boy Advance, Wii U"
God of War II,"MAR 13, 2007",AVERAGE PLAYTIME: 17 HOURS,93,SCE Studios Santa Monica,Sony Computer Entertainment,17+ Mature,Action,"Platforms
PlayStation 2, PS Vita, PlayStation 3"
Super Mario Galaxy,"NOV 1, 2007",AVERAGE PLAYTIME: 28 HOURS,97,Nintendo,Nintendo,0+ Everyone,Platformer,"Platforms
Wii"
Celeste,"JAN 25, 2018",AVERAGE PLAYTIME: 6 HOURS,91,Matt Makes Games,Matt Makes Games,10+ Everyone 10+,"Indie, Platformer","Platforms
Xbox One, PC, macOS, Nintendo Switch, PlayStation 4, Linux"
Katana ZERO,"APR 17, 2019",AVERAGE PLAYTIME: 5 HOURS,83,Askiisoft,Devolver Digital,Not rated,"Action, Indie, Platformer","Platforms
Xbox One, Nintendo Switch, macOS, PC"
The Wolf Among Us,"OCT 10, 2013",AVERAGE PLAYTIME: 9 HOURS,82,Telltale Games,Telltale Games,17+ Mature,Adventure,"Platforms
PS Vita, PlayStation 4, Xbox One, iOS, PC, Android, Xbox 360, macOS"
Fortnite Looping,"MAR 5, 2023",N/A,N/A,N/A,Third Person,N/A,"Mar 5, 2023","Platforms
Android, PC"
Proud Father,"JUL 28, 2020",N/A,N/A,Story,N/A,N/A,Westy20,"Platforms
PC, macOS"
Parasite In City,"DEC 12, 2018",N/A,N/A,Hentai Library,N/A,Singleplayer,"Dec 12, 2018","Platforms
PC"
House Designer: Fix & Flip,"AUG 17, 2018",AVERAGE PLAYTIME: 2 HOURS,N/A,Sergey Kizima,N/A,"Singleplayer, Steam Cloud, First-Person, Sandbox, Early Access, 3D, Realistic, Building, Management, Relaxing, Base Building, Economy, Education, Immersive Sim, fun, Life Sim, Design & Illustration, simulator, painting","Aug 17, 2018","Platforms
PC, iOS, Android"
Tetris Effect,"NOV 9, 2018",N/A,90,Enhance Games,N/A,Tetris Effect: Connected,Puzzle,"Platforms
PlayStation 4, PC"
Metroid Prime,"NOV 17, 2002",AVERAGE PLAYTIME: 2 HOURS,97,Retro Studios,Nintendo,Not rated,"Action, Shooter, Adventure","Platforms
Wii, GameCube"
Phoenix Wright: Ace Attorney − Justice for All,"OCT 22, 2002",N/A,76,Capcom Production Studio 4,Capcom,13+ Teen,Adventure,"Platforms
PC, Game Boy Advance, Android, Wii, Nintendo DS, iOS"
Castlevania: Symphony of the Night,"MAR 20, 1997",AVERAGE PLAYTIME: 19 HOURS,93,Sony Interactive Entertainment,Konami,Not rated,"Action, Adventure","Platforms
SEGA Saturn, PlayStation, Android, Xbox 360, iOS"
Space Rangers 2: Rise of the Dominators,"NOV 26, 2004",N/A,N/A,Excalibur Publishing,N/A,"Space Rangers: Quest, Space Rangers, Mighty Morphin Power Rangers","Nov 26, 2004","Platforms
PC"
Heroes of Might and Magic 3: The Restoration of Erathia,"MAR 3, 1999",N/A,N/A,The 3DO Company,N/A,"Might & Magic Heroes VII, Might & Magic: Heroes VI, Might and Magic Clash of Heroes, Heroes of Might and Magic V, Heroes of Might and Magic 4, Heroes of Might and Magic: Quest for the Dragon Bone Staff, Heroes of Might and Magic 2: The Succession Wars, Heroes of Might and Magic: A Strategic Quest","Mar 3, 1999","Platforms
PC"
Command & Conquer: Red Alert 2,"OCT 26, 2000",AVERAGE PLAYTIME: 1 HOUR,84,Westwood Studios,Electronic Arts,13+ Teen,Strategy,"Platforms
PC"
Donkey Kong Country,"NOV 21, 1994",AVERAGE PLAYTIME: 6 HOURS,N/A,Nintendo,N/A,"Donkey Kong Country: Tropical Freeze, Donkey Kong Country Returns, Donkey Kong: Barrel Blast, Donkey Kong: Jungle Climber, DK: King of Swing, Donkey Kong Jungle Beat, Donkey Konga, Donkey Kong 64, Donkey Kong Country 3: Dixie Kong's Double Trouble, Donkey Kong Country 2: Diddy's Kong Quest, Donkey Kong 3, Donkey Kong Jr., Donkey Kong","Nov 21, 1994","Platforms
Wii U, Nintendo 3DS, Wii, Game Boy Advance, Game Boy Color, SNES"
Muramasa: The Demon Blade,"SEP 8, 2009",N/A,N/A,Marvelous Entertainment,N/A,Muramasa Rebirth,"Sep 8, 2009","Platforms
Wii"
Super Mario World,"NOV 21, 1990",AVERAGE PLAYTIME: 6 HOURS,92,Nintendo,Nintendo,0+ Everyone,"Arcade, Platformer","Platforms
SNES"
Bayonetta 2,"SEP 20, 2014",N/A,92,Platinum Games,Nintendo,17+ Mature,Action,"Platforms
Wii U, Nintendo Switch"
Ori and the Blind Forest,"MAR 10, 2015",AVERAGE PLAYTIME: 6 HOURS,88,Moon Studios,Microsoft Studios,0+ Everyone,"Adventure, Platformer","Platforms
Xbox 360, Xbox One, PC"
Factorio,"AUG 14, 2020",AVERAGE PLAYTIME: 20 HOURS,83,Wube Software,Wube Software,Not rated,"Strategy, Simulation, Casual, Indie","Platforms
Linux, macOS, PC, Nintendo Switch"
Danganronpa 2: Goodbye Despair,"JUL 26, 2012",AVERAGE PLAYTIME: 27 HOURS,84,Abstraction Games,Spike Chunsoft Co,17+ Mature,"Adventure, Casual","Platforms
PS Vita, PSP, iOS, PC, macOS, Linux, PlayStation 4"
Cataclysm: Dark Days Ahead,"DEC 9, 2015",AVERAGE PLAYTIME: 4 HOURS,N/A,Ming Jen Tai,N/A,"Singleplayer, RPG, Story Rich, 2D, Sci-fi, Horror, Exploration, Sandbox, Survival, Pixel Graphics, Dark, Zombies, Moddable, Post-apocalyptic, combat, Roguelike, Aliens, character, Immersive Sim, explore, Monsters, Modern, Постапокалипсис, fire, Transhumanism, food, construct, Traditional Roguelike, GitHub","Dec 9, 2015","Platforms
Linux, PC, Android, iOS"
The Case of the Golden Idol,"OCT 13, 2022",AVERAGE PLAYTIME: 6 HOURS,N/A,PlayStack,N/A,"The Rise of the Golden Idol, Golden Idol Mysteries: Game + DLC Bundle","Oct 13, 2022","Platforms
PC"
Deltarune,"OCT 30, 2018",N/A,81,8-4,8-4,Not rated,"Adventure, RPG","Platforms
macOS, Nintendo Switch, PlayStation 4, PC"
Stellar Blade,"APR 26, 2024",N/A,N/A,SHIFT UP,N/A,http://www.shiftup.co.kr/eve/,"Apr 26, 2024","Platforms
PlayStation 5"
13 Sentinels: Aegis Rim,"NOV 28, 2019",N/A,86,VanillaWare,Atlus,13+ Teen,"Adventure, RPG, Simulation","Platforms
PlayStation 4, Nintendo Switch, PlayStation 5"
Sayonara Wild Hearts,"SEP 19, 2019",AVERAGE PLAYTIME: 2 HOURS,85,Simogo,Annapurna Interactive,10+ Everyone 10+,"Action, Casual, Indie","Platforms
iOS, PlayStation 4, Xbox One, Nintendo Switch, macOS, PC"
Super Smash Bros. Ultimate,"DEC 7, 2018",N/A,93,Nintendo,Nintendo,Not rated,Fighting,"Platforms
Nintendo Switch"
Super Smash Bros. Melee,"NOV 21, 2001",N/A,92,HAL Laboratory,Nintendo,10+ Everyone 10+,"Action, Fighting","Platforms
GameCube"
Battletoads & Double Dragon,"DEC 1, 1993",N/A,N/A,Sony Computer Entertainment,N/A,"Battletoads (2020), Battletoads Arcade, Battletoads in Battlemaniacs, Battletoads","Dec 1, 1993","Platforms
Genesis, Game Boy, NES, SNES"
Tetris (1984),"JUN 6, 1984",N/A,N/A,SEGA,N/A,"Singleplayer, Multiplayer","Jun 6, 1984","Platforms
Atari 2600, Atari ST, NES, SNES, Commodore / Amiga, Genesis, Game Boy"
The Lord of the Rings: The Battle for Middle-earth 2,"FEB 28, 2006",N/A,N/A,Electronic Arts,N/A,"The Lord of the Rings: The Battle for Middle-earth, The Lord of the Rings: War of the Ring","Feb 28, 2006","Platforms
Xbox 360, PC"
Mafia: The City of Lost Heaven,"AUG 28, 2002",AVERAGE PLAYTIME: 2 HOURS,88,Illusion Softworks,2K Games,17+ Mature,Action,"Platforms
Xbox, PlayStation 2, PC"
Pharaoh,"OCT 1, 1999",AVERAGE PLAYTIME: 1 HOUR,N/A,Sierra On-Line,N/A,N/A,"Oct 1, 1999","Platforms
PC"
Mario and Luigi: Bowser's Inside Story,"SEP 14, 2009",N/A,90,Nintendo,Nintendo,0+ Everyone,RPG,"Platforms
Nintendo DS"
Advance Wars 2: Black Hole Rising,"JUN 23, 2003",AVERAGE PLAYTIME: 3 HOURS,N/A,Nintendo,N/A,"Advance Wars 1+2: Re-Boot Camp, Advance Wars: Days of Ruin, Advance Wars: Dual Strike, Advance Wars, Super Famicom Wars, Game Boy Wars, Famicom Wars","Jun 23, 2003","Platforms
Wii U, Game Boy Advance"
DOOM II,"SEP 30, 1994",AVERAGE PLAYTIME: 1 HOUR,83,Bethesda Softworks,Valve,17+ Mature,"Action, Shooter","Platforms
Xbox One, iOS, PC, PlayStation 4, Game Boy Advance, Classic Macintosh, Android, macOS, Nintendo Switch, Xbox 360"
RimWorld,"JUL 15, 2016",AVERAGE PLAYTIME: 19 HOURS,87,Ludeon Studios,Ludeon Studios,Not rated,"Strategy, Simulation, Indie","Platforms
macOS, PC, Linux"
Zero Escape: Virtue's Last Reward,"FEB 16, 2012",AVERAGE PLAYTIME: 34 HOURS,N/A,Aksys Games,N/A,"Zero Escape: Zero Time Dilemma, 999: Nine Hours, Nine Persons, Nine Doors","Feb 16, 2012","Platforms
Nintendo 3DS, PS Vita"
Batman: Return to Arkham,"OCT 18, 2016",N/A,75,Warner Bros. Interactive,Warner Bros. Interactive,13+ Teen,"Action, Adventure","Platforms
PlayStation 4, Xbox One"
Hi-Fi Rush,"JAN 25, 2023",AVERAGE PLAYTIME: 4 HOURS,N/A,Bethesda Softworks,N/A,"Singleplayer, Steam Achievements, Full controller support, Steam Cloud, Great Soundtrack, Funny, Action-Adventure, Anime, Hack and Slash, Captions available, Colorful, Cyberpunk, Music, Cartoony, Character Action Game, Rhythm, Spectacle fighter, rhytm-based","Jan 25, 2023","Platforms
PC, PlayStation 5, Xbox Series S/X"
Gacha Club,"AUG 16, 2020",N/A,N/A,Lunime,N/A,"stats, Anime, Story, battle, party, offline, weapons, skill, Shadows, colors, tower, phone, gold, farm, app","Aug 16, 2020","Platforms
Android, iOS"
WWE SmackDown! Here Comes the Pain,"OCT 27, 2003",N/A,85,Yuke's Co,THQ,13+ Teen,"Arcade, Fighting","Platforms
PlayStation 2"
Castlevania Requiem: Symphony of the Night & Rondo of Blood,"OCT 26, 2018",N/A,74,Konami Digital Entertainment,Konami,13+ Teen,Action,"Platforms
PlayStation 4"
